{
    "PR-AUC": {
        "default-1": 0.595661860672395,
        "default-2": 0.6015081672329906,
        "default-3": 0.6135219816128085,
        "LogisticRegression": 0.6676758541232605,
        "LDA": 0.6523078690253807,
        "RandomForest": 0.640806463247832,
        "XGBoost": 0.6578691951195914,
        "SVM": 0.6317327318469161,
        "KNN": 0.6165269007554158
    },
    "ROC-AUC": {
        "default-1": 0.8510298295454545,
        "default-2": 0.8487926136363637,
        "default-3": 0.8555042613636363,
        "LogisticRegression": 0.8779829545454545,
        "LDA": 0.8672585227272727,
        "RandomForest": 0.8664772727272726,
        "XGBoost": 0.8465909090909091,
        "SVM": 0.8446732954545454,
        "KNN": 0.8538352272727272
    },
    "F1": {
        "default-1": 0.43902439024390244,
        "default-2": 0.43902439024390244,
        "default-3": 0.5,
        "LogisticRegression": 0.3235294117647059,
        "LDA": 0.6176470588235294,
        "RandomForest": 0.3235294117647059,
        "XGBoost": 0.48717948717948717,
        "SVM": 0.13114754098360656,
        "KNN": 0.3188405797101449
    },
    "Recall": {
        "default-1": 0.32727272727272727,
        "default-2": 0.32727272727272727,
        "default-3": 0.4,
        "LogisticRegression": 0.2,
        "LDA": 0.7636363636363637,
        "RandomForest": 0.2,
        "XGBoost": 0.34545454545454546,
        "SVM": 0.07272727272727272,
        "KNN": 0.2
    }
}