{
    "PR-AUC": {
        "default-1": 0.5275987757793914,
        "default-2": 0.5213561403680034,
        "default-3": 0.5080829490570509,
        "LogisticRegression": 0.5731899880774127,
        "LDA": 0.6046972688440496,
        "RandomForest": 0.5093622577079527,
        "XGBoost": 0.4412947603379922,
        "SVM": 0.49284550201703,
        "KNN": 0.5144655850007283
    },
    "ROC-AUC": {
        "default-1": 0.8230008984725965,
        "default-2": 0.8209793351302785,
        "default-3": 0.8198562443845463,
        "LogisticRegression": 0.8445642407906558,
        "LDA": 0.8544474393530997,
        "RandomForest": 0.832659478885894,
        "XGBoost": 0.7850404312668464,
        "SVM": 0.8638814016172507,
        "KNN": 0.8393980233602875
    },
    "F1": {
        "default-1": 0.45,
        "default-2": 0.47619047619047616,
        "default-3": 0.5238095238095238,
        "LogisticRegression": 0.1875,
        "LDA": 0.547945205479452,
        "RandomForest": 0.06666666666666667,
        "XGBoost": 0.3333333333333333,
        "SVM": 0.2631578947368421,
        "KNN": 0.0
    },
    "Recall": {
        "default-1": 0.32142857142857145,
        "default-2": 0.35714285714285715,
        "default-3": 0.39285714285714285,
        "LogisticRegression": 0.10714285714285714,
        "LDA": 0.7142857142857143,
        "RandomForest": 0.03571428571428571,
        "XGBoost": 0.21428571428571427,
        "SVM": 0.17857142857142858,
        "KNN": 0.0
    }
}