{
    "PR-AUC": {
        "default-1": 0.5062701401820934,
        "default-2": 0.5054723299872277,
        "default-3": 0.5106637227563402,
        "LogisticRegression": 0.5792721799593671,
        "LDA": 0.6066342909827229,
        "RandomForest": 0.5111962497590651,
        "XGBoost": 0.4700167600107381,
        "SVM": 0.5031693763863601,
        "KNN": 0.5093908038590188
    },
    "ROC-AUC": {
        "default-1": 0.8144654088050314,
        "default-2": 0.8124438454627133,
        "default-3": 0.8178346810422283,
        "LogisticRegression": 0.8452380952380952,
        "LDA": 0.855570530098832,
        "RandomForest": 0.8533243486073674,
        "XGBoost": 0.8146900269541779,
        "SVM": 0.8396226415094339,
        "KNN": 0.8173854447439353
    },
    "F1": {
        "default-1": 0.45,
        "default-2": 0.47619047619047616,
        "default-3": 0.4878048780487805,
        "LogisticRegression": 0.1875,
        "LDA": 0.5555555555555556,
        "RandomForest": 0.23529411764705882,
        "XGBoost": 0.2857142857142857,
        "SVM": 0.2702702702702703,
        "KNN": 0.0
    },
    "Recall": {
        "default-1": 0.32142857142857145,
        "default-2": 0.35714285714285715,
        "default-3": 0.35714285714285715,
        "LogisticRegression": 0.10714285714285714,
        "LDA": 0.7142857142857143,
        "RandomForest": 0.14285714285714285,
        "XGBoost": 0.17857142857142858,
        "SVM": 0.17857142857142858,
        "KNN": 0.0
    }
}