{
    "PR-AUC": {
        "default-1": 0.5924393824090922,
        "default-2": 0.5803502430639123,
        "default-3": 0.6325628272106136,
        "LogisticRegression": 0.6831228971747568,
        "LDA": 0.6961515037611,
        "RandomForest": 0.6650121791759662,
        "XGBoost": 0.5516358480226099,
        "SVM": 0.6348890728647996,
        "KNN": 0.6583896275364903
    },
    "ROC-AUC": {
        "default-1": 0.8088315217391305,
        "default-2": 0.8066576086956521,
        "default-3": 0.8076086956521739,
        "LogisticRegression": 0.8286684782608695,
        "LDA": 0.8388586956521739,
        "RandomForest": 0.8290760869565218,
        "XGBoost": 0.783288043478261,
        "SVM": 0.7907608695652174,
        "KNN": 0.8325407608695653
    },
    "F1": {
        "default-1": 0.5507246376811594,
        "default-2": 0.5714285714285714,
        "default-3": 0.5294117647058824,
        "LogisticRegression": 0.2916666666666667,
        "LDA": 0.5833333333333334,
        "RandomForest": 0.3673469387755102,
        "XGBoost": 0.4666666666666667,
        "SVM": 0.43636363636363634,
        "KNN": 0.0
    },
    "Recall": {
        "default-1": 0.475,
        "default-2": 0.5,
        "default-3": 0.45,
        "LogisticRegression": 0.175,
        "LDA": 0.7,
        "RandomForest": 0.225,
        "XGBoost": 0.35,
        "SVM": 0.3,
        "KNN": 0.0
    }
}