{
    "PR-AUC": {
        "default-1": 0.6002118539991268,
        "default-2": 0.5872454784151391,
        "default-3": 0.6426321421503286,
        "LogisticRegression": 0.6788478067508726,
        "LDA": 0.6948805011529566,
        "RandomForest": 0.6491596327562963,
        "XGBoost": 0.5626049270900182,
        "SVM": 0.6404350890539207,
        "KNN": 0.6867477496180796
    },
    "ROC-AUC": {
        "default-1": 0.8093750000000001,
        "default-2": 0.8059782608695653,
        "default-3": 0.811820652173913,
        "LogisticRegression": 0.827445652173913,
        "LDA": 0.8373641304347825,
        "RandomForest": 0.8262228260869565,
        "XGBoost": 0.7827445652173913,
        "SVM": 0.8055706521739131,
        "KNN": 0.8339673913043478
    },
    "F1": {
        "default-1": 0.5294117647058824,
        "default-2": 0.5507246376811594,
        "default-3": 0.5714285714285714,
        "LogisticRegression": 0.2553191489361702,
        "LDA": 0.6041666666666666,
        "RandomForest": 0.3333333333333333,
        "XGBoost": 0.4482758620689655,
        "SVM": 0.4074074074074074,
        "KNN": 0.0
    },
    "Recall": {
        "default-1": 0.45,
        "default-2": 0.475,
        "default-3": 0.5,
        "LogisticRegression": 0.15,
        "LDA": 0.725,
        "RandomForest": 0.2,
        "XGBoost": 0.325,
        "SVM": 0.275,
        "KNN": 0.0
    }
}