{
    "PR-AUC": {
        "default-1": 0.5408697329640951,
        "default-2": 0.5283375896808801,
        "default-3": 0.5563162445349814,
        "LogisticRegression": 0.588677231767112,
        "LDA": 0.5796849956089545,
        "RandomForest": 0.55213101003513,
        "XGBoost": 0.519776251770134,
        "SVM": 0.4702820600665566,
        "KNN": 0.5643363799059107
    },
    "ROC-AUC": {
        "default-1": 0.821360153256705,
        "default-2": 0.8178024083196497,
        "default-3": 0.8158182813355227,
        "LogisticRegression": 0.8508483853311439,
        "LDA": 0.844280240831965,
        "RandomForest": 0.84168035030104,
        "XGBoost": 0.7798303229337712,
        "SVM": 0.8214285714285714,
        "KNN": 0.8415435139573071
    },
    "F1": {
        "default-1": 0.41509433962264153,
        "default-2": 0.4074074074074074,
        "default-3": 0.5357142857142857,
        "LogisticRegression": 0.15,
        "LDA": 0.5714285714285714,
        "RandomForest": 0.15,
        "XGBoost": 0.40816326530612246,
        "SVM": 0.22727272727272727,
        "KNN": 0.0
    },
    "Recall": {
        "default-1": 0.3055555555555556,
        "default-2": 0.3055555555555556,
        "default-3": 0.4166666666666667,
        "LogisticRegression": 0.08333333333333333,
        "LDA": 0.7222222222222222,
        "RandomForest": 0.08333333333333333,
        "XGBoost": 0.2777777777777778,
        "SVM": 0.1388888888888889,
        "KNN": 0.0
    }
}