{
    "PR-AUC": {
        "default-1": 0.5126548888707928,
        "default-2": 0.5307819913887566,
        "default-3": 0.5403288025383298,
        "LogisticRegression": 0.5850271505930559,
        "LDA": 0.579102784363371,
        "RandomForest": 0.5670081702664987,
        "XGBoost": 0.5163768468377411,
        "SVM": 0.4540090138222346,
        "KNN": 0.5787934828593354
    },
    "ROC-AUC": {
        "default-1": 0.8104816639299398,
        "default-2": 0.8159551176792557,
        "default-3": 0.8108921729611385,
        "LogisticRegression": 0.8475643130815544,
        "LDA": 0.8420908593322387,
        "RandomForest": 0.8445539135194308,
        "XGBoost": 0.76464148877942,
        "SVM": 0.8073344280240832,
        "KNN": 0.8357963875205254
    },
    "F1": {
        "default-1": 0.49122807017543857,
        "default-2": 0.4642857142857143,
        "default-3": 0.43636363636363634,
        "LogisticRegression": 0.15,
        "LDA": 0.5591397849462365,
        "RandomForest": 0.15,
        "XGBoost": 0.46153846153846156,
        "SVM": 0.2608695652173913,
        "KNN": 0.0
    },
    "Recall": {
        "default-1": 0.3888888888888889,
        "default-2": 0.3611111111111111,
        "default-3": 0.3333333333333333,
        "LogisticRegression": 0.08333333333333333,
        "LDA": 0.7222222222222222,
        "RandomForest": 0.08333333333333333,
        "XGBoost": 0.3333333333333333,
        "SVM": 0.16666666666666666,
        "KNN": 0.0
    }
}