{
    "PR-AUC": {
        "default-1": 0.6538210362948825,
        "default-2": 0.6535378341365217,
        "default-3": 0.6719248670705459,
        "LogisticRegression": 0.689961214787911,
        "LDA": 0.6959464187553266,
        "RandomForest": 0.688173046118414,
        "XGBoost": 0.7298650882911861,
        "SVM": 0.6393761557154031,
        "KNN": 0.6995996386646844
    },
    "ROC-AUC": {
        "default-1": 0.9042298483639265,
        "default-2": 0.90438946528332,
        "default-3": 0.90438946528332,
        "LogisticRegression": 0.900877893056664,
        "LDA": 0.9047086991221069,
        "RandomForest": 0.8956105347166798,
        "XGBoost": 0.9205107741420591,
        "SVM": 0.8951316839584995,
        "KNN": 0.9000798084596968
    },
    "F1": {
        "default-1": 0.5263157894736842,
        "default-2": 0.5517241379310345,
        "default-3": 0.5423728813559322,
        "LogisticRegression": 0.2857142857142857,
        "LDA": 0.651685393258427,
        "RandomForest": 0.32558139534883723,
        "XGBoost": 0.5490196078431373,
        "SVM": 0.375,
        "KNN": 0.0
    },
    "Recall": {
        "default-1": 0.42857142857142855,
        "default-2": 0.45714285714285713,
        "default-3": 0.45714285714285713,
        "LogisticRegression": 0.17142857142857143,
        "LDA": 0.8285714285714286,
        "RandomForest": 0.2,
        "XGBoost": 0.4,
        "SVM": 0.2571428571428571,
        "KNN": 0.0
    }
}