{
    "PR-AUC": {
        "default-1": 0.6399243665782751,
        "default-2": 0.6246297062747996,
        "default-3": 0.6660144028856002,
        "LogisticRegression": 0.6653412418353587,
        "LDA": 0.6853355587784781,
        "RandomForest": 0.6757573335021114,
        "XGBoost": 0.7046102207436457,
        "SVM": 0.6186890495682253,
        "KNN": 0.7067331975376927
    },
    "ROC-AUC": {
        "default-1": 0.9031923383878692,
        "default-2": 0.901197126895451,
        "default-3": 0.9031125299281724,
        "LogisticRegression": 0.8911412609736632,
        "LDA": 0.9003990422984837,
        "RandomForest": 0.8879489225857942,
        "XGBoost": 0.9162011173184357,
        "SVM": 0.8798084596967278,
        "KNN": 0.8909816440542697
    },
    "F1": {
        "default-1": 0.5,
        "default-2": 0.5423728813559322,
        "default-3": 0.5423728813559322,
        "LogisticRegression": 0.24390243902439024,
        "LDA": 0.6436781609195402,
        "RandomForest": 0.36363636363636365,
        "XGBoost": 0.5,
        "SVM": 0.3333333333333333,
        "KNN": 0.05555555555555555
    },
    "Recall": {
        "default-1": 0.4,
        "default-2": 0.45714285714285713,
        "default-3": 0.45714285714285713,
        "LogisticRegression": 0.14285714285714285,
        "LDA": 0.8,
        "RandomForest": 0.22857142857142856,
        "XGBoost": 0.34285714285714286,
        "SVM": 0.22857142857142856,
        "KNN": 0.02857142857142857
    }
}