{
    "PR-AUC": {
        "default-1": 0.5905052663918051,
        "default-2": 0.5907076166799516,
        "default-3": 0.5705355088658985,
        "LogisticRegression": 0.6577431708392891,
        "LDA": 0.6560681778739179,
        "RandomForest": 0.6295774482989154,
        "XGBoost": 0.5774811318146464,
        "SVM": 0.6412457099267856,
        "KNN": 0.6154667939104439
    },
    "ROC-AUC": {
        "default-1": 0.8382222222222222,
        "default-2": 0.8392222222222222,
        "default-3": 0.8395925925925926,
        "LogisticRegression": 0.866,
        "LDA": 0.8628148148148148,
        "RandomForest": 0.8629629629629629,
        "XGBoost": 0.8076296296296296,
        "SVM": 0.8344444444444445,
        "KNN": 0.8381481481481481
    },
    "F1": {
        "default-1": 0.5393258426966292,
        "default-2": 0.5555555555555556,
        "default-3": 0.5714285714285714,
        "LogisticRegression": 0.3235294117647059,
        "LDA": 0.6212121212121212,
        "RandomForest": 0.37142857142857144,
        "XGBoost": 0.4358974358974359,
        "SVM": 0.16129032258064516,
        "KNN": 0.34782608695652173
    },
    "Recall": {
        "default-1": 0.4444444444444444,
        "default-2": 0.46296296296296297,
        "default-3": 0.48148148148148145,
        "LogisticRegression": 0.2037037037037037,
        "LDA": 0.7592592592592593,
        "RandomForest": 0.24074074074074073,
        "XGBoost": 0.3148148148148148,
        "SVM": 0.09259259259259259,
        "KNN": 0.2222222222222222
    }
}