{
    "PR-AUC": {
        "default-1": 0.5870761564720786,
        "default-2": 0.590126248988184,
        "default-3": 0.5841703190708039,
        "LogisticRegression": 0.6554515736668145,
        "LDA": 0.6563109494633153,
        "RandomForest": 0.6295711238314813,
        "XGBoost": 0.586955569143402,
        "SVM": 0.6375618852107865,
        "KNN": 0.6100556545509046
    },
    "ROC-AUC": {
        "default-1": 0.837,
        "default-2": 0.8380000000000001,
        "default-3": 0.8351851851851851,
        "LogisticRegression": 0.866,
        "LDA": 0.8628888888888888,
        "RandomForest": 0.864,
        "XGBoost": 0.8037777777777778,
        "SVM": 0.8346666666666667,
        "KNN": 0.8381481481481481
    },
    "F1": {
        "default-1": 0.5227272727272727,
        "default-2": 0.5116279069767442,
        "default-3": 0.5393258426966292,
        "LogisticRegression": 0.3235294117647059,
        "LDA": 0.6212121212121212,
        "RandomForest": 0.37142857142857144,
        "XGBoost": 0.4155844155844156,
        "SVM": 0.16666666666666666,
        "KNN": 0.3235294117647059
    },
    "Recall": {
        "default-1": 0.42592592592592593,
        "default-2": 0.4074074074074074,
        "default-3": 0.4444444444444444,
        "LogisticRegression": 0.2037037037037037,
        "LDA": 0.7592592592592593,
        "RandomForest": 0.24074074074074073,
        "XGBoost": 0.2962962962962963,
        "SVM": 0.09259259259259259,
        "KNN": 0.2037037037037037
    }
}