{
    "PR-AUC": {
        "default-1": 0.5796542136888786,
        "default-2": 0.5906587511305007,
        "default-3": 0.5914629143745422,
        "LogisticRegression": 0.582996645025815,
        "LDA": 0.593413434599364,
        "RandomForest": 0.5716096782321037,
        "XGBoost": 0.5687822811704436,
        "SVM": 0.5301282365753035,
        "KNN": 0.5052134833840195
    },
    "ROC-AUC": {
        "default-1": 0.8494714349977508,
        "default-2": 0.8499775078722448,
        "default-3": 0.8512145748987855,
        "LogisticRegression": 0.8551506972559604,
        "LDA": 0.8425551057130005,
        "RandomForest": 0.8558254610886189,
        "XGBoost": 0.811178587494377,
        "SVM": 0.7903733693207378,
        "KNN": 0.8314777327935223
    },
    "F1": {
        "default-1": 0.4642857142857143,
        "default-2": 0.49122807017543857,
        "default-3": 0.59375,
        "LogisticRegression": 0.14634146341463414,
        "LDA": 0.5252525252525253,
        "RandomForest": 0.26666666666666666,
        "XGBoost": 0.4827586206896552,
        "SVM": 0.0,
        "KNN": 0.0
    },
    "Recall": {
        "default-1": 0.34210526315789475,
        "default-2": 0.3684210526315789,
        "default-3": 0.5,
        "LogisticRegression": 0.07894736842105263,
        "LDA": 0.6842105263157895,
        "RandomForest": 0.15789473684210525,
        "XGBoost": 0.3684210526315789,
        "SVM": 0.0,
        "KNN": 0.0
    }
}