{
    "PR-AUC": {
        "default-1": 0.5431920687252538,
        "default-2": 0.5365197198782647,
        "default-3": 0.5438202407033794,
        "LogisticRegression": 0.5425044503300555,
        "LDA": 0.5566962107223841,
        "RandomForest": 0.5666713881873676,
        "XGBoost": 0.5227375814113795,
        "SVM": 0.48011219693353174,
        "KNN": 0.4976361205761155
    },
    "ROC-AUC": {
        "default-1": 0.8294177732379979,
        "default-2": 0.8304817841334696,
        "default-3": 0.8328651685393259,
        "LogisticRegression": 0.8309499489274771,
        "LDA": 0.8412495743956419,
        "RandomForest": 0.8351208716377255,
        "XGBoost": 0.8114572693224378,
        "SVM": 0.7626830098740212,
        "KNN": 0.828821927136534
    },
    "F1": {
        "default-1": 0.36065573770491804,
        "default-2": 0.39344262295081966,
        "default-3": 0.45161290322580644,
        "LogisticRegression": 0.1276595744680851,
        "LDA": 0.48717948717948717,
        "RandomForest": 0.0,
        "XGBoost": 0.38095238095238093,
        "SVM": 0.0,
        "KNN": 0.044444444444444446
    },
    "Recall": {
        "default-1": 0.25,
        "default-2": 0.2727272727272727,
        "default-3": 0.3181818181818182,
        "LogisticRegression": 0.06818181818181818,
        "LDA": 0.4318181818181818,
        "RandomForest": 0.0,
        "XGBoost": 0.2727272727272727,
        "SVM": 0.0,
        "KNN": 0.022727272727272728
    }
}