{
    "PR-AUC": {
        "default-1": 0.5563622090187554,
        "default-2": 0.5493864449990811,
        "default-3": 0.5443968620877174,
        "LogisticRegression": 0.43744314191961864,
        "LDA": 0.39353340413112214,
        "RandomForest": 0.4636795919347457,
        "XGBoost": 0.36525551821302776,
        "SVM": 0.391496496989076,
        "KNN": 0.43311282400146783
    },
    "ROC-AUC": {
        "default-1": 0.9342537804076265,
        "default-2": 0.9349112426035503,
        "default-3": 0.9227481919789612,
        "LogisticRegression": 0.8790269559500329,
        "LDA": 0.868836291913215,
        "RandomForest": 0.8767258382642998,
        "XGBoost": 0.8767258382642998,
        "SVM": 0.8307034845496384,
        "KNN": 0.8915187376725837
    },
    "F1": {
        "default-1": 0.25,
        "default-2": 0.38461538461538464,
        "default-3": 0.42857142857142855,
        "LogisticRegression": 0.0,
        "LDA": 0.35294117647058826,
        "RandomForest": 0.0,
        "XGBoost": 0.16,
        "SVM": 0.0,
        "KNN": 0.0
    },
    "Recall": {
        "default-1": 0.16666666666666666,
        "default-2": 0.2777777777777778,
        "default-3": 0.3333333333333333,
        "LogisticRegression": 0.0,
        "LDA": 0.3333333333333333,
        "RandomForest": 0.0,
        "XGBoost": 0.1111111111111111,
        "SVM": 0.0,
        "KNN": 0.0
    }
}