{
    "PR-AUC": {
        "default-1": 0.5619626268766801,
        "default-2": 0.5923875163487169,
        "default-3": 0.5582370114624504,
        "LogisticRegression": 0.4397859060075208,
        "LDA": 0.4100762304436136,
        "RandomForest": 0.40452088074904036,
        "XGBoost": 0.4305500353507601,
        "SVM": 0.3917499511895441,
        "KNN": 0.5054021899937093
    },
    "ROC-AUC": {
        "default-1": 0.9342537804076266,
        "default-2": 0.9365548980933597,
        "default-3": 0.9273504273504274,
        "LogisticRegression": 0.879026955950033,
        "LDA": 0.8747534516765286,
        "RandomForest": 0.8754109138724524,
        "XGBoost": 0.8928336620644313,
        "SVM": 0.8277449046679816,
        "KNN": 0.9013806706114398
    },
    "F1": {
        "default-1": 0.38461538461538464,
        "default-2": 0.38461538461538464,
        "default-3": 0.42857142857142855,
        "LogisticRegression": 0.0,
        "LDA": 0.3888888888888889,
        "RandomForest": 0.0,
        "XGBoost": 0.24,
        "SVM": 0.0,
        "KNN": 0.0
    },
    "Recall": {
        "default-1": 0.2777777777777778,
        "default-2": 0.2777777777777778,
        "default-3": 0.3333333333333333,
        "LogisticRegression": 0.0,
        "LDA": 0.3888888888888889,
        "RandomForest": 0.0,
        "XGBoost": 0.16666666666666666,
        "SVM": 0.0,
        "KNN": 0.0
    }
}