{
    "PR-AUC": {
        "default-1": 0.3540111376782718,
        "default-2": 0.31961071639709504,
        "default-3": 0.3434712603525022,
        "LogisticRegression": 0.33319980424547774,
        "LDA": 0.3194041659007528,
        "RandomForest": 0.38081901019133624,
        "XGBoost": 0.3357119718537104,
        "SVM": 0.24698567222927187,
        "KNN": 0.3752051609662057
    },
    "ROC-AUC": {
        "default-1": 0.6879725085910653,
        "default-2": 0.6738831615120275,
        "default-3": 0.6878006872852234,
        "LogisticRegression": 0.709106529209622,
        "LDA": 0.702405498281787,
        "RandomForest": 0.7201030927835053,
        "XGBoost": 0.706872852233677,
        "SVM": 0.5817869415807561,
        "KNN": 0.7168384879725086
    },
    "F1": {
        "default-1": 0.25,
        "default-2": 0.2564102564102564,
        "default-3": 0.27906976744186046,
        "LogisticRegression": 0.0,
        "LDA": 0.37037037037037035,
        "RandomForest": 0.0,
        "XGBoost": 0.23255813953488372,
        "SVM": 0.0,
        "KNN": 0.0
    },
    "Recall": {
        "default-1": 0.16666666666666666,
        "default-2": 0.16666666666666666,
        "default-3": 0.2,
        "LogisticRegression": 0.0,
        "LDA": 0.3333333333333333,
        "RandomForest": 0.0,
        "XGBoost": 0.16666666666666666,
        "SVM": 0.0,
        "KNN": 0.0
    }
}