{
    "PR-AUC": {
        "default-1": 0.3522977433623416,
        "default-2": 0.3334883369013558,
        "default-3": 0.3559169413341583,
        "LogisticRegression": 0.3551238976784428,
        "LDA": 0.37470250157030016,
        "RandomForest": 0.4143884596320082,
        "XGBoost": 0.3916058402285504,
        "SVM": 0.24923206799911604,
        "KNN": 0.3808876623259449
    },
    "ROC-AUC": {
        "default-1": 0.695360824742268,
        "default-2": 0.6810996563573883,
        "default-3": 0.709106529209622,
        "LogisticRegression": 0.7264604810996564,
        "LDA": 0.7183848797250859,
        "RandomForest": 0.7324742268041239,
        "XGBoost": 0.7276632302405499,
        "SVM": 0.5855670103092784,
        "KNN": 0.7241408934707904
    },
    "F1": {
        "default-1": 0.25,
        "default-2": 0.2564102564102564,
        "default-3": 0.2727272727272727,
        "LogisticRegression": 0.0,
        "LDA": 0.42857142857142855,
        "RandomForest": 0.0,
        "XGBoost": 0.36363636363636365,
        "SVM": 0.0,
        "KNN": 0.0
    },
    "Recall": {
        "default-1": 0.16666666666666666,
        "default-2": 0.16666666666666666,
        "default-3": 0.2,
        "LogisticRegression": 0.0,
        "LDA": 0.4,
        "RandomForest": 0.0,
        "XGBoost": 0.26666666666666666,
        "SVM": 0.0,
        "KNN": 0.0
    }
}