{
    "PR-AUC": {
        "default-1": 0.4733089986123391,
        "default-2": 0.45687278983432794,
        "default-3": 0.4477888450344691,
        "LogisticRegression": 0.5325666816719656,
        "LDA": 0.5087223918153869,
        "RandomForest": 0.4541794898680074,
        "XGBoost": 0.3789969202432967,
        "SVM": 0.49715599573775365,
        "KNN": 0.4966967513528205
    },
    "ROC-AUC": {
        "default-1": 0.7982320099255583,
        "default-2": 0.7986197270471465,
        "default-3": 0.7889267990074442,
        "LogisticRegression": 0.8086228287841192,
        "LDA": 0.7943548387096775,
        "RandomForest": 0.7819478908188584,
        "XGBoost": 0.748759305210918,
        "SVM": 0.7558933002481389,
        "KNN": 0.8001705955334987
    },
    "F1": {
        "default-1": 0.21621621621621623,
        "default-2": 0.16666666666666666,
        "default-3": 0.2702702702702703,
        "LogisticRegression": 0.0625,
        "LDA": 0.4262295081967213,
        "RandomForest": 0.0,
        "XGBoost": 0.24390243902439024,
        "SVM": 0.0,
        "KNN": 0.0
    },
    "Recall": {
        "default-1": 0.12903225806451613,
        "default-2": 0.0967741935483871,
        "default-3": 0.16129032258064516,
        "LogisticRegression": 0.03225806451612903,
        "LDA": 0.41935483870967744,
        "RandomForest": 0.0,
        "XGBoost": 0.16129032258064516,
        "SVM": 0.0,
        "KNN": 0.0
    }
}