{
    "PR-AUC": {
        "default-1": 0.4635254851687609,
        "default-2": 0.4638056014595207,
        "default-3": 0.4647093966473642,
        "LogisticRegression": 0.54611994410667,
        "LDA": 0.5245988952904894,
        "RandomForest": 0.44491990844743984,
        "XGBoost": 0.4303105913012716,
        "SVM": 0.4940151883635677,
        "KNN": 0.5151071600435976
    },
    "ROC-AUC": {
        "default-1": 0.7986197270471465,
        "default-2": 0.7951302729528537,
        "default-3": 0.7844292803970223,
        "LogisticRegression": 0.8159119106699751,
        "LDA": 0.8052109181141439,
        "RandomForest": 0.7754342431761787,
        "XGBoost": 0.7693083126550869,
        "SVM": 0.7441066997518611,
        "KNN": 0.8000930521091811
    },
    "F1": {
        "default-1": 0.3157894736842105,
        "default-2": 0.2222222222222222,
        "default-3": 0.4,
        "LogisticRegression": 0.0625,
        "LDA": 0.4,
        "RandomForest": 0.0,
        "XGBoost": 0.2926829268292683,
        "SVM": 0.0,
        "KNN": 0.0
    },
    "Recall": {
        "default-1": 0.1935483870967742,
        "default-2": 0.12903225806451613,
        "default-3": 0.25806451612903225,
        "LogisticRegression": 0.03225806451612903,
        "LDA": 0.3870967741935484,
        "RandomForest": 0.0,
        "XGBoost": 0.1935483870967742,
        "SVM": 0.0,
        "KNN": 0.0
    }
}