{
    "PR-AUC": {
        "default-1": 0.46627725125523123,
        "default-2": 0.4697114957987285,
        "default-3": 0.4684642376270908,
        "LogisticRegression": 0.4942951393476208,
        "LDA": 0.49427048888679753,
        "RandomForest": 0.48326490589884075,
        "XGBoost": 0.31328668448793145,
        "SVM": 0.4560968795034291,
        "KNN": 0.47531165782449836
    },
    "ROC-AUC": {
        "default-1": 0.7676607642124884,
        "default-2": 0.7723205964585275,
        "default-3": 0.7848089468779124,
        "LogisticRegression": 0.8074557315936626,
        "LDA": 0.7787511649580616,
        "RandomForest": 0.772972972972973,
        "XGBoost": 0.716309412861137,
        "SVM": 0.7578751164958062,
        "KNN": 0.7882572227399813
    },
    "F1": {
        "default-1": 0.2631578947368421,
        "default-2": 0.2564102564102564,
        "default-3": 0.3076923076923077,
        "LogisticRegression": 0.06666666666666667,
        "LDA": 0.4727272727272727,
        "RandomForest": 0.0,
        "XGBoost": 0.23255813953488372,
        "SVM": 0.0,
        "KNN": 0.0
    },
    "Recall": {
        "default-1": 0.1724137931034483,
        "default-2": 0.1724137931034483,
        "default-3": 0.20689655172413793,
        "LogisticRegression": 0.034482758620689655,
        "LDA": 0.4482758620689655,
        "RandomForest": 0.0,
        "XGBoost": 0.1724137931034483,
        "SVM": 0.0,
        "KNN": 0.0
    }
}