{
    "PR-AUC": {
        "default-1": 0.47314982030751074,
        "default-2": 0.476236970060513,
        "default-3": 0.485160544725446,
        "LogisticRegression": 0.5036303635509471,
        "LDA": 0.5083956823122427,
        "RandomForest": 0.46583314272168375,
        "XGBoost": 0.3589658900295088,
        "SVM": 0.5007440522452495,
        "KNN": 0.49935109141175155
    },
    "ROC-AUC": {
        "default-1": 0.7769804287045666,
        "default-2": 0.7787511649580615,
        "default-3": 0.7774464119291705,
        "LogisticRegression": 0.8109972041006525,
        "LDA": 0.7826654240447344,
        "RandomForest": 0.7653308480894688,
        "XGBoost": 0.7239515377446412,
        "SVM": 0.7822926374650514,
        "KNN": 0.8002795899347623
    },
    "F1": {
        "default-1": 0.2702702702702703,
        "default-2": 0.2222222222222222,
        "default-3": 0.3076923076923077,
        "LogisticRegression": 0.06666666666666667,
        "LDA": 0.4406779661016949,
        "RandomForest": 0.0,
        "XGBoost": 0.2978723404255319,
        "SVM": 0.0,
        "KNN": 0.0
    },
    "Recall": {
        "default-1": 0.1724137931034483,
        "default-2": 0.13793103448275862,
        "default-3": 0.20689655172413793,
        "LogisticRegression": 0.034482758620689655,
        "LDA": 0.4482758620689655,
        "RandomForest": 0.0,
        "XGBoost": 0.2413793103448276,
        "SVM": 0.0,
        "KNN": 0.0
    }
}