{
    "PR-AUC": {
        "default-1": 0.5120587728841174,
        "default-2": 0.5177238087361645,
        "default-3": 0.5131191053986452,
        "LogisticRegression": 0.5599291579313721,
        "LDA": 0.5556086164247603,
        "RandomForest": 0.5598466179284796,
        "XGBoost": 0.5132085777281716,
        "SVM": 0.5179265132413622,
        "KNN": 0.5557526403325651
    },
    "ROC-AUC": {
        "default-1": 0.8331105764946983,
        "default-2": 0.8340907065846921,
        "default-3": 0.8347589771005971,
        "LogisticRegression": 0.8422881582464582,
        "LDA": 0.8446939321037156,
        "RandomForest": 0.8325759600819745,
        "XGBoost": 0.809141940657578,
        "SVM": 0.7950637084558495,
        "KNN": 0.8498173393923193
    },
    "F1": {
        "default-1": 0.43333333333333335,
        "default-2": 0.4262295081967213,
        "default-3": 0.4444444444444444,
        "LogisticRegression": 0.1276595744680851,
        "LDA": 0.47619047619047616,
        "RandomForest": 0.0,
        "XGBoost": 0.4,
        "SVM": 0.0,
        "KNN": 0.045454545454545456
    },
    "Recall": {
        "default-1": 0.3023255813953488,
        "default-2": 0.3023255813953488,
        "default-3": 0.32558139534883723,
        "LogisticRegression": 0.06976744186046512,
        "LDA": 0.46511627906976744,
        "RandomForest": 0.0,
        "XGBoost": 0.3023255813953488,
        "SVM": 0.0,
        "KNN": 0.023255813953488372
    }
}