{
    "PR-AUC": {
        "default-1": 0.5026972998478647,
        "default-2": 0.5086749381407242,
        "default-3": 0.5092326085813798,
        "LogisticRegression": 0.5532550570745323,
        "LDA": 0.5595516044659369,
        "RandomForest": 0.5539314624474849,
        "XGBoost": 0.5007146181387945,
        "SVM": 0.5128143994592711,
        "KNN": 0.565205755927612
    },
    "ROC-AUC": {
        "default-1": 0.830526597166533,
        "default-2": 0.8299028780183552,
        "default-3": 0.8330660251269714,
        "LogisticRegression": 0.838634946092845,
        "LDA": 0.8441593156909916,
        "RandomForest": 0.8273188986901897,
        "XGBoost": 0.8037957765303394,
        "SVM": 0.789450236122249,
        "KNN": 0.8464759868127952
    },
    "F1": {
        "default-1": 0.39344262295081966,
        "default-2": 0.41935483870967744,
        "default-3": 0.41935483870967744,
        "LogisticRegression": 0.1702127659574468,
        "LDA": 0.4819277108433735,
        "RandomForest": 0.0,
        "XGBoost": 0.46153846153846156,
        "SVM": 0.0,
        "KNN": 0.08888888888888889
    },
    "Recall": {
        "default-1": 0.27906976744186046,
        "default-2": 0.3023255813953488,
        "default-3": 0.3023255813953488,
        "LogisticRegression": 0.09302325581395349,
        "LDA": 0.46511627906976744,
        "RandomForest": 0.0,
        "XGBoost": 0.3488372093023256,
        "SVM": 0.0,
        "KNN": 0.046511627906976744
    }
}