{
    "PR-AUC": {
        "default-1": 0.16888889512284452,
        "default-2": 0.17855537985358197,
        "default-3": 0.18832719375151535,
        "LogisticRegression": 0.23942473618953058,
        "LDA": 0.2049365021163807,
        "RandomForest": 0.3015980851440026,
        "XGBoost": 0.27037268636450296,
        "SVM": 0.16792524934955216,
        "KNN": 0.2540311229282065
    },
    "ROC-AUC": {
        "default-1": 0.7067372311827956,
        "default-2": 0.706065188172043,
        "default-3": 0.712113575268817,
        "LogisticRegression": 0.7415994623655914,
        "LDA": 0.7269825268817205,
        "RandomForest": 0.7582325268817205,
        "XGBoost": 0.7326948924731183,
        "SVM": 0.5483870967741936,
        "KNN": 0.707997311827957
    },
    "F1": {
        "default-1": 0.0,
        "default-2": 0.0,
        "default-3": 0.0,
        "LogisticRegression": 0.0,
        "LDA": 0.14634146341463414,
        "RandomForest": 0.0,
        "XGBoost": 0.24242424242424243,
        "SVM": 0.0,
        "KNN": 0.0
    },
    "Recall": {
        "default-1": 0.0,
        "default-2": 0.0,
        "default-3": 0.0,
        "LogisticRegression": 0.0,
        "LDA": 0.125,
        "RandomForest": 0.0,
        "XGBoost": 0.16666666666666666,
        "SVM": 0.0,
        "KNN": 0.0
    }
}