"chisq","df","pvalue","cfi","tli","rmsea","srmr","aic","bic"
10.0119709037588,12,0.614910404588361,1,1.00697002154474,0,0.0216078036933191,6413.72784501166,6473.56453160653
