{
    "PR-AUC": {
        "default-1": 0.4744465229227931,
        "default-2": 0.47027573386322696,
        "default-3": 0.4816280024436589,
        "LogisticRegression": 0.5078227277918311,
        "LDA": 0.5127536369337152,
        "RandomForest": 0.531562825549538,
        "XGBoost": 0.4721299954791577,
        "SVM": 0.49294884047714016,
        "KNN": 0.5052992623666048
    },
    "ROC-AUC": {
        "default-1": 0.8054963084495489,
        "default-2": 0.8011484823625923,
        "default-3": 0.8111566858080393,
        "LogisticRegression": 0.7855619360131256,
        "LDA": 0.7702214930270713,
        "RandomForest": 0.7954881050041016,
        "XGBoost": 0.7946267432321575,
        "SVM": 0.7911402789171451,
        "KNN": 0.7806398687448728
    },
    "F1": {
        "default-1": 0.26229508196721313,
        "default-2": 0.2903225806451613,
        "default-3": 0.34782608695652173,
        "LogisticRegression": 0.19607843137254902,
        "LDA": 0.432,
        "RandomForest": 0.12244897959183673,
        "XGBoost": 0.26666666666666666,
        "SVM": 0.16,
        "KNN": 0.0
    },
    "Recall": {
        "default-1": 0.17391304347826086,
        "default-2": 0.1956521739130435,
        "default-3": 0.2608695652173913,
        "LogisticRegression": 0.10869565217391304,
        "LDA": 0.5869565217391305,
        "RandomForest": 0.06521739130434782,
        "XGBoost": 0.17391304347826086,
        "SVM": 0.08695652173913043,
        "KNN": 0.0
    }
}