{
    "PR-AUC": {
        "default-1": 0.3056004531811047,
        "default-2": 0.2884980080575466,
        "default-3": 0.32591863523554265,
        "LogisticRegression": 0.41212890267604463,
        "LDA": 0.46595842610382127,
        "RandomForest": 0.39832720188391985,
        "XGBoost": 0.2669334575393168,
        "SVM": 0.38520794227443605,
        "KNN": 0.4467112350443698
    },
    "ROC-AUC": {
        "default-1": 0.6893518518518518,
        "default-2": 0.6876157407407406,
        "default-3": 0.7006944444444444,
        "LogisticRegression": 0.7094907407407408,
        "LDA": 0.7282407407407407,
        "RandomForest": 0.6988425925925926,
        "XGBoost": 0.6453703703703703,
        "SVM": 0.6854166666666667,
        "KNN": 0.7525462962962963
    },
    "F1": {
        "default-1": 0.06451612903225806,
        "default-2": 0.06451612903225806,
        "default-3": 0.12121212121212122,
        "LogisticRegression": 0.0,
        "LDA": 0.36619718309859156,
        "RandomForest": 0.0,
        "XGBoost": 0.06451612903225806,
        "SVM": 0.25,
        "KNN": 0.0
    },
    "Recall": {
        "default-1": 0.037037037037037035,
        "default-2": 0.037037037037037035,
        "default-3": 0.07407407407407407,
        "LogisticRegression": 0.0,
        "LDA": 0.48148148148148145,
        "RandomForest": 0.0,
        "XGBoost": 0.037037037037037035,
        "SVM": 0.14814814814814814,
        "KNN": 0.0
    }
}