{
    "PR-AUC": {
        "default-1": 0.3161466123930702,
        "default-2": 0.29983844784553587,
        "default-3": 0.32169509625072584,
        "LogisticRegression": 0.41924764850788343,
        "LDA": 0.4665526764571557,
        "RandomForest": 0.42880591472555457,
        "XGBoost": 0.2861651180752846,
        "SVM": 0.3865607456497584,
        "KNN": 0.38228616459437015
    },
    "ROC-AUC": {
        "default-1": 0.7,
        "default-2": 0.696875,
        "default-3": 0.7108796296296297,
        "LogisticRegression": 0.719675925925926,
        "LDA": 0.7310185185185185,
        "RandomForest": 0.71875,
        "XGBoost": 0.6653935185185185,
        "SVM": 0.6710648148148148,
        "KNN": 0.7511574074074074
    },
    "F1": {
        "default-1": 0.06666666666666667,
        "default-2": 0.06666666666666667,
        "default-3": 0.2631578947368421,
        "LogisticRegression": 0.0,
        "LDA": 0.37681159420289856,
        "RandomForest": 0.0,
        "XGBoost": 0.06451612903225806,
        "SVM": 0.25,
        "KNN": 0.0
    },
    "Recall": {
        "default-1": 0.037037037037037035,
        "default-2": 0.037037037037037035,
        "default-3": 0.18518518518518517,
        "LogisticRegression": 0.0,
        "LDA": 0.48148148148148145,
        "RandomForest": 0.0,
        "XGBoost": 0.037037037037037035,
        "SVM": 0.14814814814814814,
        "KNN": 0.0
    }
}