{
    "PR-AUC": {
        "default-1": 0.42916548017945527,
        "default-2": 0.4222791882409375,
        "default-3": 0.4419640994926264,
        "LogisticRegression": 0.3913614446618188,
        "LDA": 0.4482481809300029,
        "RandomForest": 0.4299378046591672,
        "XGBoost": 0.3820330673570113,
        "SVM": 0.37183258391169544,
        "KNN": 0.3948828559720013
    },
    "ROC-AUC": {
        "default-1": 0.761462795494209,
        "default-2": 0.7509122640012693,
        "default-3": 0.7471838806917341,
        "LogisticRegression": 0.7206092336982389,
        "LDA": 0.7220371251784864,
        "RandomForest": 0.7394891321592892,
        "XGBoost": 0.7148183404727907,
        "SVM": 0.7060130096779311,
        "KNN": 0.7269554180548945
    },
    "F1": {
        "default-1": 0.23809523809523808,
        "default-2": 0.23809523809523808,
        "default-3": 0.2926829268292683,
        "LogisticRegression": 0.0,
        "LDA": 0.3953488372093023,
        "RandomForest": 0.0,
        "XGBoost": 0.20512820512820512,
        "SVM": 0.15,
        "KNN": 0.0
    },
    "Recall": {
        "default-1": 0.15151515151515152,
        "default-2": 0.15151515151515152,
        "default-3": 0.18181818181818182,
        "LogisticRegression": 0.0,
        "LDA": 0.5151515151515151,
        "RandomForest": 0.0,
        "XGBoost": 0.12121212121212122,
        "SVM": 0.09090909090909091,
        "KNN": 0.0
    }
}