{
    "PR-AUC": {
        "default-1": 0.40201873494371704,
        "default-2": 0.3950372011146928,
        "default-3": 0.43443512728093425,
        "LogisticRegression": 0.3675945948687659,
        "LDA": 0.43343131108553834,
        "RandomForest": 0.4176673944548311,
        "XGBoost": 0.36949722697089044,
        "SVM": 0.3657443930563842,
        "KNN": 0.37782915319039345
    },
    "ROC-AUC": {
        "default-1": 0.752022846263684,
        "default-2": 0.74472473425353,
        "default-3": 0.7480564810407743,
        "LogisticRegression": 0.7229890528319849,
        "LDA": 0.724734253530065,
        "RandomForest": 0.7472632079961924,
        "XGBoost": 0.7087894653339679,
        "SVM": 0.7022052990639378,
        "KNN": 0.7373472949389179
    },
    "F1": {
        "default-1": 0.2,
        "default-2": 0.1951219512195122,
        "default-3": 0.2926829268292683,
        "LogisticRegression": 0.0,
        "LDA": 0.3953488372093023,
        "RandomForest": 0.0,
        "XGBoost": 0.10810810810810811,
        "SVM": 0.15,
        "KNN": 0.0
    },
    "Recall": {
        "default-1": 0.12121212121212122,
        "default-2": 0.12121212121212122,
        "default-3": 0.18181818181818182,
        "LogisticRegression": 0.0,
        "LDA": 0.5151515151515151,
        "RandomForest": 0.0,
        "XGBoost": 0.06060606060606061,
        "SVM": 0.09090909090909091,
        "KNN": 0.0
    }
}