{
    "PR-AUC": {
        "default-1": 0.37852085984847533,
        "default-2": 0.37752060864216364,
        "default-3": 0.38848017326463335,
        "LogisticRegression": 0.4554055236338407,
        "LDA": 0.49940830114676643,
        "RandomForest": 0.4175984131398879,
        "XGBoost": 0.37071826821871295,
        "SVM": 0.41145802146714494,
        "KNN": 0.4712301807344845
    },
    "ROC-AUC": {
        "default-1": 0.745735111662531,
        "default-2": 0.7484491315136476,
        "default-3": 0.7610887096774193,
        "LogisticRegression": 0.7707816377171217,
        "LDA": 0.7630272952853598,
        "RandomForest": 0.7704714640198511,
        "XGBoost": 0.7780707196029777,
        "SVM": 0.7186724565756825,
        "KNN": 0.7619416873449132
    },
    "F1": {
        "default-1": 0.10526315789473684,
        "default-2": 0.05405405405405406,
        "default-3": 0.23809523809523808,
        "LogisticRegression": 0.0625,
        "LDA": 0.38202247191011235,
        "RandomForest": 0.0625,
        "XGBoost": 0.16216216216216217,
        "SVM": 0.2702702702702703,
        "KNN": 0.0
    },
    "Recall": {
        "default-1": 0.06451612903225806,
        "default-2": 0.03225806451612903,
        "default-3": 0.16129032258064516,
        "LogisticRegression": 0.03225806451612903,
        "LDA": 0.5483870967741935,
        "RandomForest": 0.03225806451612903,
        "XGBoost": 0.0967741935483871,
        "SVM": 0.16129032258064516,
        "KNN": 0.0
    }
}