{
    "PR-AUC": {
        "default-1": 0.3926479142168788,
        "default-2": 0.3927976892253256,
        "default-3": 0.3968429138031032,
        "LogisticRegression": 0.4422179470141965,
        "LDA": 0.501950173987304,
        "RandomForest": 0.4148195997388346,
        "XGBoost": 0.35989381872809406,
        "SVM": 0.4114170970933017,
        "KNN": 0.45724523895887403
    },
    "ROC-AUC": {
        "default-1": 0.7687655086848635,
        "default-2": 0.7634925558312656,
        "default-3": 0.7644230769230769,
        "LogisticRegression": 0.7628722084367245,
        "LDA": 0.7579094292803971,
        "RandomForest": 0.7734181141439206,
        "XGBoost": 0.7683777915632755,
        "SVM": 0.7054900744416873,
        "KNN": 0.75
    },
    "F1": {
        "default-1": 0.05555555555555555,
        "default-2": 0.10810810810810811,
        "default-3": 0.24390243902439024,
        "LogisticRegression": 0.0625,
        "LDA": 0.367816091954023,
        "RandomForest": 0.0625,
        "XGBoost": 0.16666666666666666,
        "SVM": 0.2702702702702703,
        "KNN": 0.0
    },
    "Recall": {
        "default-1": 0.03225806451612903,
        "default-2": 0.06451612903225806,
        "default-3": 0.16129032258064516,
        "LogisticRegression": 0.03225806451612903,
        "LDA": 0.5161290322580645,
        "RandomForest": 0.03225806451612903,
        "XGBoost": 0.0967741935483871,
        "SVM": 0.16129032258064516,
        "KNN": 0.0
    }
}