{
    "PR-AUC": {
        "default-1": 0.5343850413393553,
        "default-2": 0.5327505836729673,
        "default-3": 0.5292371086392281,
        "LogisticRegression": 0.5364137475033739,
        "LDA": 0.5620118045347448,
        "RandomForest": 0.5561056321344156,
        "XGBoost": 0.5063607307289545,
        "SVM": 0.5302094924739044,
        "KNN": 0.5722769550585955
    },
    "ROC-AUC": {
        "default-1": 0.7867905575087895,
        "default-2": 0.7894692784195546,
        "default-3": 0.7922317093587812,
        "LogisticRegression": 0.8037836932864557,
        "LDA": 0.794408170098778,
        "RandomForest": 0.8173447178972041,
        "XGBoost": 0.7977565712372342,
        "SVM": 0.7962497907249289,
        "KNN": 0.7929013895864725
    },
    "F1": {
        "default-1": 0.3829787234042553,
        "default-2": 0.375,
        "default-3": 0.3673469387755102,
        "LogisticRegression": 0.16666666666666666,
        "LDA": 0.4666666666666667,
        "RandomForest": 0.16666666666666666,
        "XGBoost": 0.26666666666666666,
        "SVM": 0.27906976744186046,
        "KNN": 0.0
    },
    "Recall": {
        "default-1": 0.2727272727272727,
        "default-2": 0.2727272727272727,
        "default-3": 0.2727272727272727,
        "LogisticRegression": 0.09090909090909091,
        "LDA": 0.6363636363636364,
        "RandomForest": 0.09090909090909091,
        "XGBoost": 0.18181818181818182,
        "SVM": 0.18181818181818182,
        "KNN": 0.0
    }
}