{
    "PR-AUC": {
        "default-1": 0.5295712071330899,
        "default-2": 0.5297710619303511,
        "default-3": 0.51482489269176,
        "LogisticRegression": 0.5132595836393145,
        "LDA": 0.5566896049472893,
        "RandomForest": 0.554249313606556,
        "XGBoost": 0.4823811438942865,
        "SVM": 0.51838431562373,
        "KNN": 0.5716516633780696
    },
    "ROC-AUC": {
        "default-1": 0.7841955466264859,
        "default-2": 0.7880462079357107,
        "default-3": 0.7857023271387913,
        "LogisticRegression": 0.7902226686757073,
        "LDA": 0.7880462079357107,
        "RandomForest": 0.8118198560187511,
        "XGBoost": 0.7861208772810984,
        "SVM": 0.7723087225849656,
        "KNN": 0.8041185334003014
    },
    "F1": {
        "default-1": 0.3673469387755102,
        "default-2": 0.375,
        "default-3": 0.3673469387755102,
        "LogisticRegression": 0.11428571428571428,
        "LDA": 0.4666666666666667,
        "RandomForest": 0.16666666666666666,
        "XGBoost": 0.26666666666666666,
        "SVM": 0.24390243902439024,
        "KNN": 0.0
    },
    "Recall": {
        "default-1": 0.2727272727272727,
        "default-2": 0.2727272727272727,
        "default-3": 0.2727272727272727,
        "LogisticRegression": 0.06060606060606061,
        "LDA": 0.6363636363636364,
        "RandomForest": 0.09090909090909091,
        "XGBoost": 0.18181818181818182,
        "SVM": 0.15151515151515152,
        "KNN": 0.0
    }
}