{
    "PR-AUC": {
        "default-1": 0.5089020644584182,
        "default-2": 0.5125590328767573,
        "default-3": 0.5105761113102806,
        "LogisticRegression": 0.5154783450653837,
        "LDA": 0.5241247628375983,
        "RandomForest": 0.5241148580726988,
        "XGBoost": 0.4969464612257467,
        "SVM": 0.4852565013115023,
        "KNN": 0.5055936017319554
    },
    "ROC-AUC": {
        "default-1": 0.7856841927873274,
        "default-2": 0.7837040781934614,
        "default-3": 0.784293899561847,
        "LogisticRegression": 0.7925513987192451,
        "LDA": 0.7740984159083248,
        "RandomForest": 0.786737445230873,
        "XGBoost": 0.7871587462082913,
        "SVM": 0.7940680822379508,
        "KNN": 0.7758678800134816
    },
    "F1": {
        "default-1": 0.32786885245901637,
        "default-2": 0.31746031746031744,
        "default-3": 0.3235294117647059,
        "LogisticRegression": 0.19607843137254902,
        "LDA": 0.453781512605042,
        "RandomForest": 0.12244897959183673,
        "XGBoost": 0.3050847457627119,
        "SVM": 0.15384615384615385,
        "KNN": 0.0
    },
    "Recall": {
        "default-1": 0.21739130434782608,
        "default-2": 0.21739130434782608,
        "default-3": 0.2391304347826087,
        "LogisticRegression": 0.10869565217391304,
        "LDA": 0.5869565217391305,
        "RandomForest": 0.06521739130434782,
        "XGBoost": 0.1956521739130435,
        "SVM": 0.08695652173913043,
        "KNN": 0.0
    }
}