{
    "PR-AUC": {
        "default-1": 0.5067575245214972,
        "default-2": 0.5019638109641509,
        "default-3": 0.512701647111111,
        "LogisticRegression": 0.5032219083695478,
        "LDA": 0.5204714989696384,
        "RandomForest": 0.5274118465876277,
        "XGBoost": 0.5087204043447012,
        "SVM": 0.49903774182258687,
        "KNN": 0.483463190451414
    },
    "ROC-AUC": {
        "default-1": 0.7881277384563532,
        "default-2": 0.7882119986518369,
        "default-3": 0.788169868554095,
        "LogisticRegression": 0.7861476238624874,
        "LDA": 0.7720761712167172,
        "RandomForest": 0.7928884395011796,
        "XGBoost": 0.7961745871250422,
        "SVM": 0.7885911695315133,
        "KNN": 0.7819346140883048
    },
    "F1": {
        "default-1": 0.2903225806451613,
        "default-2": 0.2903225806451613,
        "default-3": 0.3283582089552239,
        "LogisticRegression": 0.19230769230769232,
        "LDA": 0.45,
        "RandomForest": 0.12244897959183673,
        "XGBoost": 0.32786885245901637,
        "SVM": 0.15384615384615385,
        "KNN": 0.0
    },
    "Recall": {
        "default-1": 0.1956521739130435,
        "default-2": 0.1956521739130435,
        "default-3": 0.2391304347826087,
        "LogisticRegression": 0.10869565217391304,
        "LDA": 0.5869565217391305,
        "RandomForest": 0.06521739130434782,
        "XGBoost": 0.21739130434782608,
        "SVM": 0.08695652173913043,
        "KNN": 0.0
    }
}