{
    "PR-AUC": {
        "default-1": 0.4097065979424207,
        "default-2": 0.4070382293305469,
        "default-3": 0.3850458883003607,
        "LogisticRegression": 0.4206029550539176,
        "LDA": 0.38291301684647433,
        "RandomForest": 0.4441028011907964,
        "XGBoost": 0.37511973410409055,
        "SVM": 0.3558890132535516,
        "KNN": 0.39510602157041996
    },
    "ROC-AUC": {
        "default-1": 0.7516065249629263,
        "default-2": 0.7508650519031143,
        "default-3": 0.7414112703905091,
        "LogisticRegression": 0.7689075630252101,
        "LDA": 0.7390014829461197,
        "RandomForest": 0.7791646070192783,
        "XGBoost": 0.7611838853188334,
        "SVM": 0.7577854671280276,
        "KNN": 0.7006920415224914
    },
    "F1": {
        "default-1": 0.23255813953488372,
        "default-2": 0.23809523809523808,
        "default-3": 0.26666666666666666,
        "LogisticRegression": 0.0,
        "LDA": 0.35789473684210527,
        "RandomForest": 0.0,
        "XGBoost": 0.15384615384615385,
        "SVM": 0.0,
        "KNN": 0.0
    },
    "Recall": {
        "default-1": 0.14705882352941177,
        "default-2": 0.14705882352941177,
        "default-3": 0.17647058823529413,
        "LogisticRegression": 0.0,
        "LDA": 0.5,
        "RandomForest": 0.0,
        "XGBoost": 0.08823529411764706,
        "SVM": 0.0,
        "KNN": 0.0
    }
}